APILevel,Location
1,project://AdvancedTrack/m3/android/doc/1.m3
2,project://AdvancedTrack/m3/android/doc/2.m3
3,project://AdvancedTrack/m3/android/doc/3.m3
4,project://AdvancedTrack/m3/android/doc/4.m3
5,project://AdvancedTrack/m3/android/doc/5.m3
6,project://AdvancedTrack/m3/android/doc/6.m3
7,project://AdvancedTrack/m3/android/doc/7.m3
8,project://AdvancedTrack/m3/android/doc/8.m3
9,project://AdvancedTrack/m3/android/doc/9.m3
10,project://AdvancedTrack/m3/android/doc/10.m3
11,project://AdvancedTrack/m3/android/doc/11.m3
12,project://AdvancedTrack/m3/android/doc/12.m3
13,project://AdvancedTrack/m3/android/doc/13.m3
14,project://AdvancedTrack/m3/android/doc/14.m3
15,project://AdvancedTrack/m3/android/doc/15.m3
16,project://AdvancedTrack/m3/android/doc/16.m3
17,project://AdvancedTrack/m3/android/doc/17.m3